player_id,player_name,item_id,item_name,category,rating,play_style
1,Player_1,2,Sniper AWM,Weapon,3,aggressive
1,Player_1,48,Land at Hot Zone,Mission,2,aggressive
1,Player_1,18,SMG Tommy Gun,Weapon,3,aggressive
1,Player_1,16,Grenade Launcher,Weapon,5,aggressive
1,Player_1,15,Sniper Mini-14,Weapon,2,aggressive
2,Player_2,6,LMG M249,Weapon,2,explorer
2,Player_2,14,LMG DP-28,Weapon,3,explorer
2,Player_2,15,Sniper Mini-14,Weapon,5,explorer
2,Player_2,33,Victory Dance Emote,Skin,3,explorer
2,Player_2,39,Vehicle Lava Buggy,Skin,5,explorer
3,Player_3,18,SMG Tommy Gun,Weapon,4,support
3,Player_3,52,Kill with Shotgun,Mission,4,support
3,Player_3,56,Destroy 2 Vehicles,Mission,3,support
3,Player_3,1,Assault Rifle M4,Weapon,3,support
3,Player_3,49,Revive 3 Teammates,Mission,5,support
3,Player_3,59,Win Solo Match,Mission,2,support
3,Player_3,11,Sniper Kar98k,Weapon,2,support
3,Player_3,45,Loot 5 Crates,Mission,5,support
3,Player_3,28,Fire Dancer,Skin,2,support
4,Player_4,55,Kill 3 in One Match,Mission,5,support
4,Player_4,23,Desert Camo,Skin,2,support
4,Player_4,39,Vehicle Lava Buggy,Skin,5,support
4,Player_4,17,Rifle QBZ,Weapon,2,support
4,Player_4,52,Kill with Shotgun,Mission,4,support
4,Player_4,3,Shotgun S12K,Weapon,4,support
4,Player_4,47,Squad Wipe,Mission,3,support
5,Player_5,3,Shotgun S12K,Weapon,3,aggressive
5,Player_5,43,Survive 10 Minutes,Mission,3,aggressive
5,Player_5,15,Sniper Mini-14,Weapon,2,aggressive
5,Player_5,50,Drive 1km in Vehicle,Mission,5,aggressive
5,Player_5,19,Shotgun S1897,Weapon,5,aggressive
6,Player_6,41,First Blood,Mission,4,support
6,Player_6,54,Parachute 500m,Mission,2,support
6,Player_6,24,Shadow Ninja,Skin,3,support
6,Player_6,11,Sniper Kar98k,Weapon,3,support
6,Player_6,58,Kill with Flare Gun,Mission,3,support
6,Player_6,23,Desert Camo,Skin,5,support
6,Player_6,14,LMG DP-28,Weapon,5,support
6,Player_6,43,Survive 10 Minutes,Mission,4,support
7,Player_7,15,Sniper Mini-14,Weapon,4,support
7,Player_7,44,Chicken Dinner,Mission,5,support
7,Player_7,21,Neon Striker,Skin,4,support
7,Player_7,54,Parachute 500m,Mission,2,support
7,Player_7,50,Drive 1km in Vehicle,Mission,3,support
7,Player_7,56,Destroy 2 Vehicles,Mission,4,support
7,Player_7,4,SMG Vector,Weapon,3,support
7,Player_7,60,Explore All Map Zones,Mission,5,support
7,Player_7,3,Shotgun S12K,Weapon,5,support
8,Player_8,10,SMG UMP45,Weapon,5,aggressive
8,Player_8,17,Rifle QBZ,Weapon,5,aggressive
8,Player_8,9,Rifle SCAR-L,Weapon,5,aggressive
8,Player_8,16,Grenade Launcher,Weapon,3,aggressive
8,Player_8,48,Land at Hot Zone,Mission,3,aggressive
8,Player_8,36,Parachute Galaxy,Skin,5,aggressive
8,Player_8,35,Parachute Flames,Skin,2,aggressive
8,Player_8,59,Win Solo Match,Mission,2,aggressive
9,Player_9,10,SMG UMP45,Weapon,5,support
9,Player_9,41,First Blood,Mission,2,support
9,Player_9,11,Sniper Kar98k,Weapon,5,support
9,Player_9,51,Use 5 Medkits,Mission,5,support
9,Player_9,44,Chicken Dinner,Mission,5,support
10,Player_10,17,Rifle QBZ,Weapon,4,collector
10,Player_10,36,Parachute Galaxy,Skin,5,collector
10,Player_10,56,Destroy 2 Vehicles,Mission,2,collector
10,Player_10,1,Assault Rifle M4,Weapon,4,collector
10,Player_10,44,Chicken Dinner,Mission,5,collector
10,Player_10,47,Squad Wipe,Mission,3,collector
10,Player_10,8,Shotgun DBS,Weapon,5,collector
10,Player_10,58,Kill with Flare Gun,Mission,2,collector
10,Player_10,35,Parachute Flames,Skin,5,collector
11,Player_11,49,Revive 3 Teammates,Mission,3,sniper
11,Player_11,12,Pistol P18C,Weapon,3,sniper
11,Player_11,33,Victory Dance Emote,Skin,4,sniper
11,Player_11,7,Crossbow,Weapon,3,sniper
11,Player_11,56,Destroy 2 Vehicles,Mission,2,sniper
11,Player_11,41,First Blood,Mission,4,sniper
11,Player_11,20,Pistol Flare Gun,Weapon,5,sniper
11,Player_11,55,Kill 3 in One Match,Mission,2,sniper
11,Player_11,58,Kill with Flare Gun,Mission,2,sniper
12,Player_12,57,Collect All Ammo Types,Mission,2,sniper
12,Player_12,54,Parachute 500m,Mission,2,sniper
12,Player_12,52,Kill with Shotgun,Mission,5,sniper
12,Player_12,20,Pistol Flare Gun,Weapon,2,sniper
12,Player_12,16,Grenade Launcher,Weapon,3,sniper
12,Player_12,4,SMG Vector,Weapon,3,sniper
12,Player_12,56,Destroy 2 Vehicles,Mission,5,sniper
13,Player_13,11,Sniper Kar98k,Weapon,3,aggressive
13,Player_13,17,Rifle QBZ,Weapon,5,aggressive
13,Player_13,34,Robot Dance Emote,Skin,5,aggressive
13,Player_13,56,Destroy 2 Vehicles,Mission,4,aggressive
13,Player_13,39,Vehicle Lava Buggy,Skin,5,aggressive
13,Player_13,28,Fire Dancer,Skin,5,aggressive
13,Player_13,14,LMG DP-28,Weapon,2,aggressive
13,Player_13,35,Parachute Flames,Skin,3,aggressive
13,Player_13,49,Revive 3 Teammates,Mission,3,aggressive
14,Player_14,22,Arctic Ghost,Skin,3,explorer
14,Player_14,2,Sniper AWM,Weapon,2,explorer
14,Player_14,38,Helmet Skull,Skin,2,explorer
14,Player_14,36,Parachute Galaxy,Skin,2,explorer
14,Player_14,15,Sniper Mini-14,Weapon,3,explorer
15,Player_15,58,Kill with Flare Gun,Mission,3,aggressive
15,Player_15,3,Shotgun S12K,Weapon,5,aggressive
15,Player_15,56,Destroy 2 Vehicles,Mission,5,aggressive
15,Player_15,22,Arctic Ghost,Skin,3,aggressive
15,Player_15,5,Pistol Desert Eagle,Weapon,3,aggressive
16,Player_16,37,Helmet Crown,Skin,2,explorer
16,Player_16,31,Zombie Survivor,Skin,5,explorer
16,Player_16,16,Grenade Launcher,Weapon,4,explorer
16,Player_16,51,Use 5 Medkits,Mission,5,explorer
16,Player_16,59,Win Solo Match,Mission,5,explorer
16,Player_16,52,Kill with Shotgun,Mission,5,explorer
16,Player_16,27,Classic Soldier,Skin,2,explorer
16,Player_16,13,Rifle AKM,Weapon,2,explorer
16,Player_16,7,Crossbow,Weapon,2,explorer
17,Player_17,47,Squad Wipe,Mission,5,sniper
17,Player_17,22,Arctic Ghost,Skin,3,sniper
17,Player_17,52,Kill with Shotgun,Mission,5,sniper
17,Player_17,56,Destroy 2 Vehicles,Mission,3,sniper
17,Player_17,7,Crossbow,Weapon,4,sniper
17,Player_17,16,Grenade Launcher,Weapon,5,sniper
17,Player_17,13,Rifle AKM,Weapon,3,sniper
17,Player_17,54,Parachute 500m,Mission,2,sniper
18,Player_18,52,Kill with Shotgun,Mission,2,aggressive
18,Player_18,56,Destroy 2 Vehicles,Mission,2,aggressive
18,Player_18,55,Kill 3 in One Match,Mission,3,aggressive
18,Player_18,36,Parachute Galaxy,Skin,3,aggressive
18,Player_18,7,Crossbow,Weapon,5,aggressive
18,Player_18,4,SMG Vector,Weapon,5,aggressive
18,Player_18,42,Sniper Elite,Mission,5,aggressive
18,Player_18,35,Parachute Flames,Skin,3,aggressive
19,Player_19,58,Kill with Flare Gun,Mission,5,collector
19,Player_19,4,SMG Vector,Weapon,4,collector
19,Player_19,11,Sniper Kar98k,Weapon,5,collector
19,Player_19,25,Golden Warrior,Skin,5,collector
19,Player_19,1,Assault Rifle M4,Weapon,3,collector
19,Player_19,57,Collect All Ammo Types,Mission,3,collector
19,Player_19,17,Rifle QBZ,Weapon,4,collector
19,Player_19,51,Use 5 Medkits,Mission,3,collector
20,Player_20,38,Helmet Skull,Skin,2,support
20,Player_20,48,Land at Hot Zone,Mission,2,support
20,Player_20,35,Parachute Flames,Skin,5,support
20,Player_20,4,SMG Vector,Weapon,3,support
20,Player_20,21,Neon Striker,Skin,2,support
21,Player_21,6,LMG M249,Weapon,2,explorer
21,Player_21,55,Kill 3 in One Match,Mission,3,explorer
21,Player_21,12,Pistol P18C,Weapon,2,explorer
21,Player_21,5,Pistol Desert Eagle,Weapon,2,explorer
21,Player_21,39,Vehicle Lava Buggy,Skin,5,explorer
21,Player_21,57,Collect All Ammo Types,Mission,4,explorer
21,Player_21,44,Chicken Dinner,Mission,4,explorer
21,Player_21,16,Grenade Launcher,Weapon,3,explorer
21,Player_21,26,Cyber Punk,Skin,4,explorer
22,Player_22,17,Rifle QBZ,Weapon,5,support
22,Player_22,26,Cyber Punk,Skin,4,support
22,Player_22,9,Rifle SCAR-L,Weapon,2,support
22,Player_22,43,Survive 10 Minutes,Mission,2,support
22,Player_22,42,Sniper Elite,Mission,5,support
22,Player_22,20,Pistol Flare Gun,Weapon,2,support
23,Player_23,35,Parachute Flames,Skin,4,support
23,Player_23,14,LMG DP-28,Weapon,2,support
23,Player_23,33,Victory Dance Emote,Skin,3,support
23,Player_23,17,Rifle QBZ,Weapon,4,support
23,Player_23,9,Rifle SCAR-L,Weapon,4,support
24,Player_24,29,Ocean Pirate,Skin,2,aggressive
24,Player_24,54,Parachute 500m,Mission,4,aggressive
24,Player_24,35,Parachute Flames,Skin,2,aggressive
24,Player_24,46,Headshot Master,Mission,3,aggressive
24,Player_24,20,Pistol Flare Gun,Weapon,4,aggressive
24,Player_24,40,Vehicle Ice Bike,Skin,2,aggressive
25,Player_25,48,Land at Hot Zone,Mission,3,support
25,Player_25,36,Parachute Galaxy,Skin,4,support
25,Player_25,10,SMG UMP45,Weapon,3,support
25,Player_25,18,SMG Tommy Gun,Weapon,4,support
25,Player_25,19,Shotgun S1897,Weapon,5,support
26,Player_26,58,Kill with Flare Gun,Mission,4,collector
26,Player_26,59,Win Solo Match,Mission,3,collector
26,Player_26,55,Kill 3 in One Match,Mission,2,collector
26,Player_26,4,SMG Vector,Weapon,4,collector
26,Player_26,6,LMG M249,Weapon,3,collector
26,Player_26,41,First Blood,Mission,4,collector
26,Player_26,28,Fire Dancer,Skin,5,collector
27,Player_27,36,Parachute Galaxy,Skin,3,support
27,Player_27,46,Headshot Master,Mission,2,support
27,Player_27,28,Fire Dancer,Skin,4,support
27,Player_27,60,Explore All Map Zones,Mission,3,support
27,Player_27,1,Assault Rifle M4,Weapon,5,support
27,Player_27,8,Shotgun DBS,Weapon,3,support
27,Player_27,5,Pistol Desert Eagle,Weapon,2,support
27,Player_27,45,Loot 5 Crates,Mission,4,support
28,Player_28,58,Kill with Flare Gun,Mission,3,aggressive
28,Player_28,51,Use 5 Medkits,Mission,2,aggressive
28,Player_28,56,Destroy 2 Vehicles,Mission,4,aggressive
28,Player_28,3,Shotgun S12K,Weapon,5,aggressive
28,Player_28,23,Desert Camo,Skin,3,aggressive
28,Player_28,14,LMG DP-28,Weapon,3,aggressive
28,Player_28,44,Chicken Dinner,Mission,3,aggressive
29,Player_29,57,Collect All Ammo Types,Mission,5,collector
29,Player_29,27,Classic Soldier,Skin,5,collector
29,Player_29,2,Sniper AWM,Weapon,5,collector
29,Player_29,12,Pistol P18C,Weapon,3,collector
29,Player_29,48,Land at Hot Zone,Mission,2,collector
29,Player_29,22,Arctic Ghost,Skin,5,collector
30,Player_30,55,Kill 3 in One Match,Mission,5,sniper
30,Player_30,31,Zombie Survivor,Skin,4,sniper
30,Player_30,15,Sniper Mini-14,Weapon,5,sniper
30,Player_30,13,Rifle AKM,Weapon,3,sniper
30,Player_30,53,Top 10 Finish,Mission,3,sniper
31,Player_31,43,Survive 10 Minutes,Mission,2,support
31,Player_31,13,Rifle AKM,Weapon,4,support
31,Player_31,26,Cyber Punk,Skin,4,support
31,Player_31,22,Arctic Ghost,Skin,5,support
31,Player_31,18,SMG Tommy Gun,Weapon,4,support
32,Player_32,8,Shotgun DBS,Weapon,5,aggressive
32,Player_32,57,Collect All Ammo Types,Mission,2,aggressive
32,Player_32,17,Rifle QBZ,Weapon,3,aggressive
32,Player_32,12,Pistol P18C,Weapon,5,aggressive
32,Player_32,38,Helmet Skull,Skin,4,aggressive
33,Player_33,28,Fire Dancer,Skin,4,sniper
33,Player_33,39,Vehicle Lava Buggy,Skin,2,sniper
33,Player_33,33,Victory Dance Emote,Skin,5,sniper
33,Player_33,8,Shotgun DBS,Weapon,2,sniper
33,Player_33,25,Golden Warrior,Skin,3,sniper
33,Player_33,37,Helmet Crown,Skin,4,sniper
33,Player_33,13,Rifle AKM,Weapon,5,sniper
34,Player_34,43,Survive 10 Minutes,Mission,2,sniper
34,Player_34,59,Win Solo Match,Mission,4,sniper
34,Player_34,22,Arctic Ghost,Skin,4,sniper
34,Player_34,40,Vehicle Ice Bike,Skin,5,sniper
34,Player_34,21,Neon Striker,Skin,4,sniper
35,Player_35,45,Loot 5 Crates,Mission,3,explorer
35,Player_35,19,Shotgun S1897,Weapon,4,explorer
35,Player_35,36,Parachute Galaxy,Skin,5,explorer
35,Player_35,9,Rifle SCAR-L,Weapon,2,explorer
35,Player_35,13,Rifle AKM,Weapon,4,explorer
35,Player_35,27,Classic Soldier,Skin,4,explorer
35,Player_35,43,Survive 10 Minutes,Mission,3,explorer
35,Player_35,25,Golden Warrior,Skin,5,explorer
36,Player_36,39,Vehicle Lava Buggy,Skin,5,collector
36,Player_36,42,Sniper Elite,Mission,3,collector
36,Player_36,21,Neon Striker,Skin,4,collector
36,Player_36,30,Mech Suit,Skin,5,collector
36,Player_36,29,Ocean Pirate,Skin,5,collector
36,Player_36,56,Destroy 2 Vehicles,Mission,2,collector
36,Player_36,44,Chicken Dinner,Mission,4,collector
36,Player_36,14,LMG DP-28,Weapon,4,collector
36,Player_36,33,Victory Dance Emote,Skin,5,collector
37,Player_37,10,SMG UMP45,Weapon,2,support
37,Player_37,2,Sniper AWM,Weapon,5,support
37,Player_37,3,Shotgun S12K,Weapon,5,support
37,Player_37,16,Grenade Launcher,Weapon,3,support
37,Player_37,31,Zombie Survivor,Skin,5,support
37,Player_37,40,Vehicle Ice Bike,Skin,5,support
38,Player_38,16,Grenade Launcher,Weapon,5,aggressive
38,Player_38,10,SMG UMP45,Weapon,4,aggressive
38,Player_38,42,Sniper Elite,Mission,3,aggressive
38,Player_38,45,Loot 5 Crates,Mission,5,aggressive
38,Player_38,1,Assault Rifle M4,Weapon,3,aggressive
38,Player_38,49,Revive 3 Teammates,Mission,3,aggressive
38,Player_38,50,Drive 1km in Vehicle,Mission,2,aggressive
38,Player_38,7,Crossbow,Weapon,5,aggressive
39,Player_39,52,Kill with Shotgun,Mission,4,explorer
39,Player_39,30,Mech Suit,Skin,5,explorer
39,Player_39,43,Survive 10 Minutes,Mission,5,explorer
39,Player_39,34,Robot Dance Emote,Skin,5,explorer
39,Player_39,36,Parachute Galaxy,Skin,3,explorer
39,Player_39,39,Vehicle Lava Buggy,Skin,5,explorer
40,Player_40,17,Rifle QBZ,Weapon,5,collector
40,Player_40,49,Revive 3 Teammates,Mission,3,collector
40,Player_40,16,Grenade Launcher,Weapon,4,collector
40,Player_40,54,Parachute 500m,Mission,5,collector
40,Player_40,41,First Blood,Mission,2,collector
40,Player_40,18,SMG Tommy Gun,Weapon,5,collector
40,Player_40,50,Drive 1km in Vehicle,Mission,3,collector
40,Player_40,57,Collect All Ammo Types,Mission,4,collector
41,Player_41,21,Neon Striker,Skin,5,explorer
41,Player_41,58,Kill with Flare Gun,Mission,3,explorer
41,Player_41,35,Parachute Flames,Skin,3,explorer
41,Player_41,6,LMG M249,Weapon,2,explorer
41,Player_41,9,Rifle SCAR-L,Weapon,5,explorer
41,Player_41,10,SMG UMP45,Weapon,5,explorer
41,Player_41,15,Sniper Mini-14,Weapon,4,explorer
42,Player_42,30,Mech Suit,Skin,5,collector
42,Player_42,27,Classic Soldier,Skin,5,collector
42,Player_42,4,SMG Vector,Weapon,5,collector
42,Player_42,14,LMG DP-28,Weapon,2,collector
42,Player_42,54,Parachute 500m,Mission,4,collector
42,Player_42,59,Win Solo Match,Mission,5,collector
42,Player_42,25,Golden Warrior,Skin,5,collector
42,Player_42,50,Drive 1km in Vehicle,Mission,5,collector
42,Player_42,38,Helmet Skull,Skin,5,collector
43,Player_43,15,Sniper Mini-14,Weapon,5,collector
43,Player_43,18,SMG Tommy Gun,Weapon,4,collector
43,Player_43,28,Fire Dancer,Skin,5,collector
43,Player_43,32,Jungle Scout,Skin,5,collector
43,Player_43,2,Sniper AWM,Weapon,3,collector
43,Player_43,25,Golden Warrior,Skin,5,collector
43,Player_43,22,Arctic Ghost,Skin,5,collector
43,Player_43,43,Survive 10 Minutes,Mission,2,collector
44,Player_44,9,Rifle SCAR-L,Weapon,3,support
44,Player_44,56,Destroy 2 Vehicles,Mission,5,support
44,Player_44,30,Mech Suit,Skin,4,support
44,Player_44,12,Pistol P18C,Weapon,4,support
44,Player_44,4,SMG Vector,Weapon,5,support
44,Player_44,17,Rifle QBZ,Weapon,4,support
44,Player_44,25,Golden Warrior,Skin,5,support
44,Player_44,21,Neon Striker,Skin,4,support
45,Player_45,31,Zombie Survivor,Skin,5,collector
45,Player_45,2,Sniper AWM,Weapon,4,collector
45,Player_45,48,Land at Hot Zone,Mission,2,collector
45,Player_45,35,Parachute Flames,Skin,4,collector
45,Player_45,4,SMG Vector,Weapon,2,collector
46,Player_46,13,Rifle AKM,Weapon,3,explorer
46,Player_46,54,Parachute 500m,Mission,5,explorer
46,Player_46,2,Sniper AWM,Weapon,2,explorer
46,Player_46,40,Vehicle Ice Bike,Skin,3,explorer
46,Player_46,10,SMG UMP45,Weapon,5,explorer
46,Player_46,16,Grenade Launcher,Weapon,4,explorer
47,Player_47,11,Sniper Kar98k,Weapon,3,collector
47,Player_47,39,Vehicle Lava Buggy,Skin,5,collector
47,Player_47,59,Win Solo Match,Mission,3,collector
47,Player_47,48,Land at Hot Zone,Mission,2,collector
47,Player_47,46,Headshot Master,Mission,4,collector
47,Player_47,8,Shotgun DBS,Weapon,5,collector
47,Player_47,50,Drive 1km in Vehicle,Mission,5,collector
48,Player_48,5,Pistol Desert Eagle,Weapon,2,support
48,Player_48,38,Helmet Skull,Skin,4,support
48,Player_48,45,Loot 5 Crates,Mission,2,support
48,Player_48,54,Parachute 500m,Mission,2,support
48,Player_48,41,First Blood,Mission,4,support
48,Player_48,16,Grenade Launcher,Weapon,5,support
49,Player_49,5,Pistol Desert Eagle,Weapon,5,support
49,Player_49,33,Victory Dance Emote,Skin,2,support
49,Player_49,42,Sniper Elite,Mission,5,support
49,Player_49,22,Arctic Ghost,Skin,4,support
49,Player_49,1,Assault Rifle M4,Weapon,5,support
49,Player_49,55,Kill 3 in One Match,Mission,3,support
49,Player_49,27,Classic Soldier,Skin,5,support
50,Player_50,47,Squad Wipe,Mission,5,explorer
50,Player_50,34,Robot Dance Emote,Skin,5,explorer
50,Player_50,42,Sniper Elite,Mission,5,explorer
50,Player_50,18,SMG Tommy Gun,Weapon,4,explorer
50,Player_50,40,Vehicle Ice Bike,Skin,4,explorer
50,Player_50,52,Kill with Shotgun,Mission,3,explorer
51,Player_51,18,SMG Tommy Gun,Weapon,5,sniper
51,Player_51,57,Collect All Ammo Types,Mission,5,sniper
51,Player_51,29,Ocean Pirate,Skin,4,sniper
51,Player_51,16,Grenade Launcher,Weapon,2,sniper
51,Player_51,49,Revive 3 Teammates,Mission,5,sniper
52,Player_52,12,Pistol P18C,Weapon,4,sniper
52,Player_52,32,Jungle Scout,Skin,4,sniper
52,Player_52,14,LMG DP-28,Weapon,2,sniper
52,Player_52,23,Desert Camo,Skin,3,sniper
52,Player_52,52,Kill with Shotgun,Mission,2,sniper
52,Player_52,17,Rifle QBZ,Weapon,3,sniper
52,Player_52,22,Arctic Ghost,Skin,5,sniper
53,Player_53,36,Parachute Galaxy,Skin,5,collector
53,Player_53,49,Revive 3 Teammates,Mission,2,collector
53,Player_53,16,Grenade Launcher,Weapon,2,collector
53,Player_53,45,Loot 5 Crates,Mission,4,collector
53,Player_53,31,Zombie Survivor,Skin,5,collector
53,Player_53,42,Sniper Elite,Mission,5,collector
53,Player_53,46,Headshot Master,Mission,3,collector
53,Player_53,32,Jungle Scout,Skin,5,collector
54,Player_54,24,Shadow Ninja,Skin,4,aggressive
54,Player_54,31,Zombie Survivor,Skin,5,aggressive
54,Player_54,36,Parachute Galaxy,Skin,4,aggressive
54,Player_54,34,Robot Dance Emote,Skin,4,aggressive
54,Player_54,23,Desert Camo,Skin,4,aggressive
54,Player_54,28,Fire Dancer,Skin,3,aggressive
54,Player_54,48,Land at Hot Zone,Mission,2,aggressive
54,Player_54,58,Kill with Flare Gun,Mission,3,aggressive
54,Player_54,22,Arctic Ghost,Skin,4,aggressive
55,Player_55,48,Land at Hot Zone,Mission,3,collector
55,Player_55,35,Parachute Flames,Skin,5,collector
55,Player_55,49,Revive 3 Teammates,Mission,5,collector
55,Player_55,45,Loot 5 Crates,Mission,4,collector
55,Player_55,12,Pistol P18C,Weapon,4,collector
56,Player_56,54,Parachute 500m,Mission,5,explorer
56,Player_56,13,Rifle AKM,Weapon,4,explorer
56,Player_56,19,Shotgun S1897,Weapon,2,explorer
56,Player_56,15,Sniper Mini-14,Weapon,3,explorer
56,Player_56,24,Shadow Ninja,Skin,4,explorer
57,Player_57,4,SMG Vector,Weapon,5,explorer
57,Player_57,36,Parachute Galaxy,Skin,2,explorer
57,Player_57,19,Shotgun S1897,Weapon,2,explorer
57,Player_57,45,Loot 5 Crates,Mission,4,explorer
57,Player_57,9,Rifle SCAR-L,Weapon,5,explorer
58,Player_58,29,Ocean Pirate,Skin,2,explorer
58,Player_58,22,Arctic Ghost,Skin,5,explorer
58,Player_58,12,Pistol P18C,Weapon,5,explorer
58,Player_58,4,SMG Vector,Weapon,2,explorer
58,Player_58,17,Rifle QBZ,Weapon,2,explorer
58,Player_58,31,Zombie Survivor,Skin,3,explorer
58,Player_58,8,Shotgun DBS,Weapon,3,explorer
58,Player_58,53,Top 10 Finish,Mission,4,explorer
59,Player_59,16,Grenade Launcher,Weapon,3,explorer
59,Player_59,8,Shotgun DBS,Weapon,5,explorer
59,Player_59,36,Parachute Galaxy,Skin,5,explorer
59,Player_59,49,Revive 3 Teammates,Mission,5,explorer
59,Player_59,27,Classic Soldier,Skin,4,explorer
60,Player_60,28,Fire Dancer,Skin,3,explorer
60,Player_60,20,Pistol Flare Gun,Weapon,3,explorer
60,Player_60,37,Helmet Crown,Skin,4,explorer
60,Player_60,40,Vehicle Ice Bike,Skin,2,explorer
60,Player_60,4,SMG Vector,Weapon,3,explorer
60,Player_60,57,Collect All Ammo Types,Mission,3,explorer
60,Player_60,48,Land at Hot Zone,Mission,5,explorer
60,Player_60,7,Crossbow,Weapon,2,explorer
60,Player_60,49,Revive 3 Teammates,Mission,3,explorer
61,Player_61,27,Classic Soldier,Skin,4,support
61,Player_61,29,Ocean Pirate,Skin,2,support
61,Player_61,45,Loot 5 Crates,Mission,3,support
61,Player_61,39,Vehicle Lava Buggy,Skin,4,support
61,Player_61,31,Zombie Survivor,Skin,4,support
62,Player_62,5,Pistol Desert Eagle,Weapon,3,sniper
62,Player_62,44,Chicken Dinner,Mission,5,sniper
62,Player_62,15,Sniper Mini-14,Weapon,4,sniper
62,Player_62,17,Rifle QBZ,Weapon,3,sniper
62,Player_62,51,Use 5 Medkits,Mission,3,sniper
62,Player_62,56,Destroy 2 Vehicles,Mission,4,sniper
62,Player_62,41,First Blood,Mission,3,sniper
62,Player_62,38,Helmet Skull,Skin,2,sniper
63,Player_63,11,Sniper Kar98k,Weapon,4,explorer
63,Player_63,51,Use 5 Medkits,Mission,5,explorer
63,Player_63,20,Pistol Flare Gun,Weapon,2,explorer
63,Player_63,39,Vehicle Lava Buggy,Skin,5,explorer
63,Player_63,48,Land at Hot Zone,Mission,5,explorer
64,Player_64,18,SMG Tommy Gun,Weapon,5,aggressive
64,Player_64,33,Victory Dance Emote,Skin,4,aggressive
64,Player_64,35,Parachute Flames,Skin,4,aggressive
64,Player_64,32,Jungle Scout,Skin,2,aggressive
64,Player_64,29,Ocean Pirate,Skin,2,aggressive
64,Player_64,6,LMG M249,Weapon,3,aggressive
64,Player_64,39,Vehicle Lava Buggy,Skin,2,aggressive
64,Player_64,3,Shotgun S12K,Weapon,5,aggressive
65,Player_65,3,Shotgun S12K,Weapon,4,aggressive
65,Player_65,49,Revive 3 Teammates,Mission,5,aggressive
65,Player_65,59,Win Solo Match,Mission,5,aggressive
65,Player_65,12,Pistol P18C,Weapon,2,aggressive
65,Player_65,31,Zombie Survivor,Skin,5,aggressive
65,Player_65,34,Robot Dance Emote,Skin,4,aggressive
65,Player_65,42,Sniper Elite,Mission,5,aggressive
65,Player_65,29,Ocean Pirate,Skin,4,aggressive
65,Player_65,18,SMG Tommy Gun,Weapon,5,aggressive
66,Player_66,55,Kill 3 in One Match,Mission,5,aggressive
66,Player_66,11,Sniper Kar98k,Weapon,4,aggressive
66,Player_66,22,Arctic Ghost,Skin,5,aggressive
66,Player_66,27,Classic Soldier,Skin,2,aggressive
66,Player_66,45,Loot 5 Crates,Mission,5,aggressive
67,Player_67,21,Neon Striker,Skin,2,aggressive
67,Player_67,17,Rifle QBZ,Weapon,5,aggressive
67,Player_67,8,Shotgun DBS,Weapon,5,aggressive
67,Player_67,50,Drive 1km in Vehicle,Mission,2,aggressive
67,Player_67,26,Cyber Punk,Skin,3,aggressive
68,Player_68,24,Shadow Ninja,Skin,4,support
68,Player_68,40,Vehicle Ice Bike,Skin,3,support
68,Player_68,49,Revive 3 Teammates,Mission,5,support
68,Player_68,32,Jungle Scout,Skin,5,support
68,Player_68,41,First Blood,Mission,5,support
68,Player_68,29,Ocean Pirate,Skin,2,support
68,Player_68,58,Kill with Flare Gun,Mission,2,support
68,Player_68,4,SMG Vector,Weapon,3,support
68,Player_68,14,LMG DP-28,Weapon,3,support
69,Player_69,36,Parachute Galaxy,Skin,2,aggressive
69,Player_69,1,Assault Rifle M4,Weapon,5,aggressive
69,Player_69,60,Explore All Map Zones,Mission,2,aggressive
69,Player_69,27,Classic Soldier,Skin,3,aggressive
69,Player_69,6,LMG M249,Weapon,5,aggressive
69,Player_69,15,Sniper Mini-14,Weapon,4,aggressive
69,Player_69,54,Parachute 500m,Mission,4,aggressive
70,Player_70,54,Parachute 500m,Mission,5,explorer
70,Player_70,31,Zombie Survivor,Skin,3,explorer
70,Player_70,59,Win Solo Match,Mission,2,explorer
70,Player_70,16,Grenade Launcher,Weapon,4,explorer
70,Player_70,30,Mech Suit,Skin,5,explorer
70,Player_70,36,Parachute Galaxy,Skin,4,explorer
70,Player_70,10,SMG UMP45,Weapon,4,explorer
70,Player_70,25,Golden Warrior,Skin,2,explorer
71,Player_71,47,Squad Wipe,Mission,3,collector
71,Player_71,20,Pistol Flare Gun,Weapon,5,collector
71,Player_71,54,Parachute 500m,Mission,5,collector
71,Player_71,38,Helmet Skull,Skin,5,collector
71,Player_71,57,Collect All Ammo Types,Mission,4,collector
71,Player_71,43,Survive 10 Minutes,Mission,5,collector
71,Player_71,32,Jungle Scout,Skin,5,collector
72,Player_72,56,Destroy 2 Vehicles,Mission,5,aggressive
72,Player_72,13,Rifle AKM,Weapon,3,aggressive
72,Player_72,45,Loot 5 Crates,Mission,4,aggressive
72,Player_72,16,Grenade Launcher,Weapon,5,aggressive
72,Player_72,37,Helmet Crown,Skin,5,aggressive
72,Player_72,25,Golden Warrior,Skin,5,aggressive
72,Player_72,15,Sniper Mini-14,Weapon,3,aggressive
73,Player_73,3,Shotgun S12K,Weapon,5,support
73,Player_73,9,Rifle SCAR-L,Weapon,2,support
73,Player_73,33,Victory Dance Emote,Skin,3,support
73,Player_73,38,Helmet Skull,Skin,5,support
73,Player_73,22,Arctic Ghost,Skin,3,support
73,Player_73,7,Crossbow,Weapon,2,support
73,Player_73,29,Ocean Pirate,Skin,5,support
73,Player_73,55,Kill 3 in One Match,Mission,4,support
74,Player_74,40,Vehicle Ice Bike,Skin,5,support
74,Player_74,45,Loot 5 Crates,Mission,4,support
74,Player_74,26,Cyber Punk,Skin,5,support
74,Player_74,42,Sniper Elite,Mission,2,support
74,Player_74,6,LMG M249,Weapon,2,support
74,Player_74,55,Kill 3 in One Match,Mission,3,support
74,Player_74,22,Arctic Ghost,Skin,4,support
75,Player_75,48,Land at Hot Zone,Mission,2,aggressive
75,Player_75,6,LMG M249,Weapon,5,aggressive
75,Player_75,28,Fire Dancer,Skin,3,aggressive
75,Player_75,7,Crossbow,Weapon,4,aggressive
75,Player_75,49,Revive 3 Teammates,Mission,2,aggressive
75,Player_75,41,First Blood,Mission,2,aggressive
76,Player_76,51,Use 5 Medkits,Mission,3,collector
76,Player_76,4,SMG Vector,Weapon,5,collector
76,Player_76,19,Shotgun S1897,Weapon,3,collector
76,Player_76,23,Desert Camo,Skin,5,collector
76,Player_76,24,Shadow Ninja,Skin,5,collector
76,Player_76,28,Fire Dancer,Skin,4,collector
76,Player_76,10,SMG UMP45,Weapon,5,collector
77,Player_77,44,Chicken Dinner,Mission,5,aggressive
77,Player_77,16,Grenade Launcher,Weapon,4,aggressive
77,Player_77,32,Jungle Scout,Skin,2,aggressive
77,Player_77,38,Helmet Skull,Skin,5,aggressive
77,Player_77,10,SMG UMP45,Weapon,5,aggressive
77,Player_77,15,Sniper Mini-14,Weapon,3,aggressive
77,Player_77,30,Mech Suit,Skin,2,aggressive
77,Player_77,41,First Blood,Mission,5,aggressive
77,Player_77,17,Rifle QBZ,Weapon,5,aggressive
78,Player_78,20,Pistol Flare Gun,Weapon,5,support
78,Player_78,41,First Blood,Mission,2,support
78,Player_78,28,Fire Dancer,Skin,3,support
78,Player_78,45,Loot 5 Crates,Mission,5,support
78,Player_78,17,Rifle QBZ,Weapon,4,support
78,Player_78,30,Mech Suit,Skin,4,support
78,Player_78,60,Explore All Map Zones,Mission,4,support
78,Player_78,13,Rifle AKM,Weapon,2,support
78,Player_78,25,Golden Warrior,Skin,5,support
79,Player_79,1,Assault Rifle M4,Weapon,5,sniper
79,Player_79,37,Helmet Crown,Skin,4,sniper
79,Player_79,56,Destroy 2 Vehicles,Mission,3,sniper
79,Player_79,44,Chicken Dinner,Mission,4,sniper
79,Player_79,50,Drive 1km in Vehicle,Mission,3,sniper
79,Player_79,48,Land at Hot Zone,Mission,3,sniper
79,Player_79,4,SMG Vector,Weapon,4,sniper
80,Player_80,41,First Blood,Mission,4,explorer
80,Player_80,7,Crossbow,Weapon,5,explorer
80,Player_80,58,Kill with Flare Gun,Mission,2,explorer
80,Player_80,60,Explore All Map Zones,Mission,5,explorer
80,Player_80,42,Sniper Elite,Mission,3,explorer
80,Player_80,3,Shotgun S12K,Weapon,2,explorer
81,Player_81,21,Neon Striker,Skin,4,support
81,Player_81,48,Land at Hot Zone,Mission,4,support
81,Player_81,27,Classic Soldier,Skin,3,support
81,Player_81,12,Pistol P18C,Weapon,4,support
81,Player_81,13,Rifle AKM,Weapon,5,support
81,Player_81,9,Rifle SCAR-L,Weapon,4,support
81,Player_81,51,Use 5 Medkits,Mission,5,support
82,Player_82,30,Mech Suit,Skin,5,aggressive
82,Player_82,5,Pistol Desert Eagle,Weapon,4,aggressive
82,Player_82,10,SMG UMP45,Weapon,3,aggressive
82,Player_82,49,Revive 3 Teammates,Mission,5,aggressive
82,Player_82,15,Sniper Mini-14,Weapon,2,aggressive
83,Player_83,35,Parachute Flames,Skin,4,explorer
83,Player_83,8,Shotgun DBS,Weapon,5,explorer
83,Player_83,30,Mech Suit,Skin,4,explorer
83,Player_83,24,Shadow Ninja,Skin,2,explorer
83,Player_83,44,Chicken Dinner,Mission,3,explorer
83,Player_83,48,Land at Hot Zone,Mission,5,explorer
83,Player_83,56,Destroy 2 Vehicles,Mission,2,explorer
84,Player_84,57,Collect All Ammo Types,Mission,4,aggressive
84,Player_84,36,Parachute Galaxy,Skin,5,aggressive
84,Player_84,21,Neon Striker,Skin,2,aggressive
84,Player_84,40,Vehicle Ice Bike,Skin,3,aggressive
84,Player_84,15,Sniper Mini-14,Weapon,2,aggressive
84,Player_84,42,Sniper Elite,Mission,2,aggressive
84,Player_84,5,Pistol Desert Eagle,Weapon,4,aggressive
84,Player_84,41,First Blood,Mission,5,aggressive
84,Player_84,30,Mech Suit,Skin,2,aggressive
85,Player_85,16,Grenade Launcher,Weapon,5,aggressive
85,Player_85,57,Collect All Ammo Types,Mission,4,aggressive
85,Player_85,35,Parachute Flames,Skin,5,aggressive
85,Player_85,9,Rifle SCAR-L,Weapon,4,aggressive
85,Player_85,25,Golden Warrior,Skin,5,aggressive
86,Player_86,54,Parachute 500m,Mission,2,sniper
86,Player_86,32,Jungle Scout,Skin,4,sniper
86,Player_86,40,Vehicle Ice Bike,Skin,3,sniper
86,Player_86,27,Classic Soldier,Skin,5,sniper
86,Player_86,18,SMG Tommy Gun,Weapon,5,sniper
87,Player_87,55,Kill 3 in One Match,Mission,4,explorer
87,Player_87,24,Shadow Ninja,Skin,2,explorer
87,Player_87,7,Crossbow,Weapon,5,explorer
87,Player_87,44,Chicken Dinner,Mission,4,explorer
87,Player_87,59,Win Solo Match,Mission,3,explorer
87,Player_87,35,Parachute Flames,Skin,2,explorer
88,Player_88,6,LMG M249,Weapon,4,explorer
88,Player_88,43,Survive 10 Minutes,Mission,3,explorer
88,Player_88,14,LMG DP-28,Weapon,3,explorer
88,Player_88,42,Sniper Elite,Mission,3,explorer
88,Player_88,41,First Blood,Mission,2,explorer
88,Player_88,39,Vehicle Lava Buggy,Skin,3,explorer
88,Player_88,2,Sniper AWM,Weapon,3,explorer
88,Player_88,4,SMG Vector,Weapon,3,explorer
89,Player_89,50,Drive 1km in Vehicle,Mission,3,sniper
89,Player_89,10,SMG UMP45,Weapon,4,sniper
89,Player_89,51,Use 5 Medkits,Mission,3,sniper
89,Player_89,39,Vehicle Lava Buggy,Skin,2,sniper
89,Player_89,1,Assault Rifle M4,Weapon,2,sniper
89,Player_89,18,SMG Tommy Gun,Weapon,3,sniper
89,Player_89,59,Win Solo Match,Mission,2,sniper
90,Player_90,51,Use 5 Medkits,Mission,5,support
90,Player_90,60,Explore All Map Zones,Mission,2,support
90,Player_90,16,Grenade Launcher,Weapon,3,support
90,Player_90,38,Helmet Skull,Skin,5,support
90,Player_90,21,Neon Striker,Skin,2,support
90,Player_90,2,Sniper AWM,Weapon,2,support
90,Player_90,12,Pistol P18C,Weapon,5,support
91,Player_91,50,Drive 1km in Vehicle,Mission,2,aggressive
91,Player_91,24,Shadow Ninja,Skin,4,aggressive
91,Player_91,33,Victory Dance Emote,Skin,5,aggressive
91,Player_91,38,Helmet Skull,Skin,2,aggressive
91,Player_91,7,Crossbow,Weapon,2,aggressive
91,Player_91,29,Ocean Pirate,Skin,5,aggressive
91,Player_91,58,Kill with Flare Gun,Mission,5,aggressive
91,Player_91,15,Sniper Mini-14,Weapon,5,aggressive
92,Player_92,32,Jungle Scout,Skin,4,collector
92,Player_92,46,Headshot Master,Mission,4,collector
92,Player_92,59,Win Solo Match,Mission,4,collector
92,Player_92,29,Ocean Pirate,Skin,4,collector
92,Player_92,5,Pistol Desert Eagle,Weapon,3,collector
93,Player_93,40,Vehicle Ice Bike,Skin,4,aggressive
93,Player_93,41,First Blood,Mission,5,aggressive
93,Player_93,38,Helmet Skull,Skin,5,aggressive
93,Player_93,36,Parachute Galaxy,Skin,2,aggressive
93,Player_93,46,Headshot Master,Mission,2,aggressive
93,Player_93,21,Neon Striker,Skin,3,aggressive
93,Player_93,25,Golden Warrior,Skin,5,aggressive
94,Player_94,57,Collect All Ammo Types,Mission,2,aggressive
94,Player_94,15,Sniper Mini-14,Weapon,4,aggressive
94,Player_94,27,Classic Soldier,Skin,5,aggressive
94,Player_94,22,Arctic Ghost,Skin,4,aggressive
94,Player_94,53,Top 10 Finish,Mission,4,aggressive
94,Player_94,30,Mech Suit,Skin,4,aggressive
94,Player_94,26,Cyber Punk,Skin,3,aggressive
94,Player_94,58,Kill with Flare Gun,Mission,5,aggressive
95,Player_95,6,LMG M249,Weapon,4,support
95,Player_95,54,Parachute 500m,Mission,3,support
95,Player_95,28,Fire Dancer,Skin,2,support
95,Player_95,7,Crossbow,Weapon,4,support
95,Player_95,48,Land at Hot Zone,Mission,2,support
96,Player_96,23,Desert Camo,Skin,4,aggressive
96,Player_96,56,Destroy 2 Vehicles,Mission,4,aggressive
96,Player_96,43,Survive 10 Minutes,Mission,2,aggressive
96,Player_96,49,Revive 3 Teammates,Mission,3,aggressive
96,Player_96,28,Fire Dancer,Skin,3,aggressive
96,Player_96,47,Squad Wipe,Mission,5,aggressive
96,Player_96,4,SMG Vector,Weapon,4,aggressive
96,Player_96,19,Shotgun S1897,Weapon,3,aggressive
97,Player_97,55,Kill 3 in One Match,Mission,3,sniper
97,Player_97,36,Parachute Galaxy,Skin,5,sniper
97,Player_97,24,Shadow Ninja,Skin,2,sniper
97,Player_97,8,Shotgun DBS,Weapon,4,sniper
97,Player_97,49,Revive 3 Teammates,Mission,2,sniper
97,Player_97,18,SMG Tommy Gun,Weapon,3,sniper
97,Player_97,37,Helmet Crown,Skin,4,sniper
98,Player_98,59,Win Solo Match,Mission,5,sniper
98,Player_98,22,Arctic Ghost,Skin,2,sniper
98,Player_98,23,Desert Camo,Skin,3,sniper
98,Player_98,1,Assault Rifle M4,Weapon,2,sniper
98,Player_98,12,Pistol P18C,Weapon,2,sniper
98,Player_98,10,SMG UMP45,Weapon,3,sniper
98,Player_98,37,Helmet Crown,Skin,5,sniper
99,Player_99,30,Mech Suit,Skin,2,explorer
99,Player_99,22,Arctic Ghost,Skin,2,explorer
99,Player_99,11,Sniper Kar98k,Weapon,3,explorer
99,Player_99,24,Shadow Ninja,Skin,3,explorer
99,Player_99,20,Pistol Flare Gun,Weapon,2,explorer
99,Player_99,47,Squad Wipe,Mission,2,explorer
99,Player_99,21,Neon Striker,Skin,4,explorer
99,Player_99,50,Drive 1km in Vehicle,Mission,5,explorer
100,Player_100,32,Jungle Scout,Skin,4,collector
100,Player_100,39,Vehicle Lava Buggy,Skin,5,collector
100,Player_100,29,Ocean Pirate,Skin,5,collector
100,Player_100,27,Classic Soldier,Skin,4,collector
100,Player_100,18,SMG Tommy Gun,Weapon,5,collector
100,Player_100,14,LMG DP-28,Weapon,5,collector
100,Player_100,49,Revive 3 Teammates,Mission,4,collector
100,Player_100,33,Victory Dance Emote,Skin,4,collector
